,username,text,created_at
6,GoldmanSachs,"The S&P 500 Index of US stocks is forecast to rise to 4700 next year, according to the Goldman Sachs Research 2024 US Equities Outlook. Cash, yielding around 5%, will be a competitive alternative to equities. Get the forecast from Goldman Sachs Research. https://click.gs.com/77px","Dec 4, 2023 Â· 2:23 PM UTC"
15,GoldmanSachs,"Goldman Sachsâ€™ Ashok Varadhan gives his outlook for 2024, and shares his expectations for long-term yields and the shape of the yield curve on #GSExchanges: https://click.gs.com/g6zc","Nov 21, 2023 Â· 10:09 PM UTC"
30,GoldmanSachs,This week saw major decisions from some of the world's largest central banks. What does this mean for global yields? https://click.gs.com/ww8o,"Nov 3, 2023 Â· 5:14 PM UTC"
35,GoldmanSachs,"Bob Rubin talks about his approach to decision-making, as well as his time leading both the US Treasury and Goldman Sachs, in this #GSTalks: https://click.gs.com/n9m3","Oct 30, 2023 Â· 4:14 PM UTC"
42,GoldmanSachs,"Amid increasing geopolitical uncertainty and the volatile bond market, the US economy continues to surprise to the upside. https://click.gs.com/cjbb","Oct 23, 2023 Â· 2:50 PM UTC"
51,GoldmanSachs,Will a further bond market selloff stick? Goldman Sachs Research's Praveen Korapaty discusses the risks: https://click.gs.com/29h6,"Oct 16, 2023 Â· 1:30 PM UTC"
52,GoldmanSachs,"This week saw a reversal in the US bond market, which has been marked by declining prices and rising yields. https://click.gs.com/cfvx","Oct 13, 2023 Â· 8:00 PM UTC"
54,GoldmanSachs,"Convertible bond offerings have jumped as companies refinance their existing convertibles and look to lower borrowing costs, according to Goldman Sachs Global Banking & Markets. https://click.gs.com/o915","Oct 12, 2023 Â· 8:00 PM UTC"
55,GoldmanSachs,Find out why a supply-demand imbalance is leading to higher bond yields in #GSExchanges. https://click.gs.com/uzxb,"Oct 12, 2023 Â· 6:42 PM UTC"
59,GoldmanSachs,10-year treasury yields hit a high not seen in fifteen years. What does this mean for markets? https://click.gs.com/4rth,"Sep 29, 2023 Â· 5:02 PM UTC"
189,stlouisfed,"From 2012 to 2021, the Fed remitted over $800 billion in excess income to the U.S. Treasury. The recent increase in policy rates has raised the Fedâ€™s interest costs, so the Fed has paused remittances. The FRED Blog explains the details and the data https://ow.ly/XpBI50Qa2LC","Nov 21, 2023 Â· 10:15 PM UTC"
193,stlouisfed,"From 2012 to 2021, the Fed remitted over $800 billion in excess income to the U.S. Treasury. The recent increase in policy rates has raised the Fedâ€™s interest costs, so the Fed has paused remittances. The FRED Blog explains the details and the data https://ow.ly/WYQl50Q9FY2","Nov 21, 2023 Â· 2:05 AM UTC"
272,stlouisfed,"The Fed during the World Wars: Some Fed employees enlisted in the armed forces while others helped finance war efforts by working to sell and deliver war bonds, and by buying some themselves #VeteransDay https://ow.ly/EFvT50Q6vZK","Nov 11, 2023 Â· 9:15 PM UTC"
274,stlouisfed,"During the two World Wars, some Fed employees enlisted in the armed forces while others worked on the sale and delivery of war bonds and bought some themselves. Learn more in a 2022 blog post #VeteransDay #WWI #WWII https://ow.ly/B0SC50Q6w6S","Nov 11, 2023 Â· 6:15 PM UTC"
281,stlouisfed,"Serving the war effort: In 1918, the St. Louis Fedâ€™s District oversubscribed its quota of $260 million for Fourth Liberty Loan war bonds. Learn more about Fed employeesâ€™ efforts at home and on the front in #WWI and #WWII in a 2022 blog post #VeteransDay https://ow.ly/5p5s50Q6wnn","Nov 10, 2023 Â· 11:20 PM UTC"
340,stlouisfed,Why do bond prices and interest rates move in opposite directions? Find out in the November 2023 issue of Page One Economics: https://ow.ly/3Vok50Q42AJ,"Nov 3, 2023 Â· 8:00 PM UTC"
565,stlouisfed,Yield curves can be used to estimate the probability of a recession. How do the estimated odds change when using real interest rates versus nominal interest rates? https://ow.ly/AyZo50PSHyA,"Oct 4, 2023 Â· 5:15 PM UTC"
588,stlouisfed,Highlighted in the latest Central Banker newsletter: A Timely Topics podcast episode about yield curve inversions as recession indicators with the St. Louis Fedâ€™s Chris Neely https://ow.ly/fSJ050PQLkG,"Oct 1, 2023 Â· 2:00 PM UTC"
604,stlouisfed,Highlighted in the latest Central Banker newsletter: A Timely Topics podcast episode about yield curve inversions as recession indicators with the St. Louis Fedâ€™s Chris Neely https://ow.ly/Pvr150PQJ9O,"Sep 29, 2023 Â· 5:10 PM UTC"
737,stlouisfed,Have the sovereign bonds of developing countries experienced increased distress in recent years? https://ow.ly/Ct6g50PI5Hm,"Sep 11, 2023 Â· 9:30 PM UTC"
755,stlouisfed,Yield curves can be used to estimate the probability of a recession. How do the estimated odds change when using real interest rates versus nominal interest rates? https://ow.ly/3cZ250PIRM1,"Sep 8, 2023 Â· 9:30 PM UTC"
759,stlouisfed,Have the sovereign bonds of developing countries experienced increased distress in recent years? https://ow.ly/Mf4I50PI5Hi,"Sep 8, 2023 Â· 2:15 PM UTC"
764,stlouisfed,Past yield curve inversions have reliably predicted U.S. recessions. What is the yield curve telling us now? https://ow.ly/t6cQ50PIRBK,"Sep 8, 2023 Â· 1:00 AM UTC"
770,stlouisfed,Have the sovereign bonds of developing countries experienced increased distress in recent years? https://ow.ly/SN4E50PIxyU,"Sep 7, 2023 Â· 2:15 PM UTC"
771,stlouisfed,"The yield curve is often used as a predictor of recession. What does Chris Neely, an economist and vice president at the St. Louis Fed, have to say? https://ow.ly/vQrG50PIxxf","Sep 7, 2023 Â· 12:50 PM UTC"
781,stlouisfed,Does past success guarantee future results? Weâ€™re talking about the yield curve and recession indicators on this episode of the Timely Topics podcast series https://ow.ly/Ocjq50PImp9,"Sep 6, 2023 Â· 4:01 PM UTC"
783,stlouisfed,Have the sovereign bonds of developing countries experienced increased distress in recent years? https://ow.ly/u6Vo50PHWWP,"Sep 6, 2023 Â· 4:00 AM UTC"
1264,Lagarde,ğŸ‡ªğŸ‡ºğŸ‡ºğŸ‡¸ Great to have US Secretary of the Treasury Janet Yellen with us at todayâ€™s #Eurogroup meeting in Luxembourg to discuss transatlantic economic relations and the latest international developments.  @SecYellen @Paschald,"Oct 16, 2023 Â· 2:44 PM UTC"
1276,Lagarde,ğŸ‡ªğŸ‡ºğŸ‡ºğŸ‡¸ Always great to see US Secretary of the Treasury Janet Yellen.  #IMFMeetingsÂ @SecYellen,"Oct 11, 2023 Â· 4:26 PM UTC"
1287,Lagarde,It was an honour to meet with His Holiness Pope Francis during the Mediterranean Meetings to discuss forging closer bonds that can help heal the divisions and inequalities of the region.,"Sep 23, 2023 Â· 5:00 PM UTC"
1289,Lagarde,"It was a pleasure to be in Marseille for the Mediterranean Meetings, where I talked about the challenges confronting the region and how it can reclaim its strength.  Forging closer bonds can help us ultimately overcome the inequalities we face.  My speech https://www.ecb.europa.eu/press/key/date/2023/html/ecb.sp230921~9ae279d5ef.en.html","Sep 21, 2023 Â· 6:55 PM UTC"
1305,RayDalio,"Watch the value of your money (e.g. dollars) in relation to the prices of other currencies, gold, and goods and services to understand what is really going on with the value of your money and what it buys. If you don't do that, you might fall under the illusion that the things measured in that money (e.g., stocks and bonds) are going up, when the truth is the value of your money is going down. #principleoftheday","Dec 4, 2023 Â· 9:46 PM UTC"
1363,RayDalio,My comments over the last month regarding cash now being â€œgoodâ€ have gotten some attention and prompted people to ask why I changed my mind from my early 2020 stance that â€œcash is trash.â€ The answer is: sometimes cash is good and sometimes cash is bad depending on economic and market conditions.  I share a simple way to assess whether cash and bonds are attractive or unattractive for investors here: https://www.linkedin.com/pulse/thinking-behind-why-cash-now-good-trash-ray-dalio,"Oct 4, 2023 Â· 10:47 PM UTC"
1603,BillAckman,There is too much risk in the world to remain short bonds at current long-term rates.,"Oct 23, 2023 Â· 1:49 PM UTC"
1604,BillAckman,We covered our bond short.,"Oct 23, 2023 Â· 1:45 PM UTC"
1666,BillAckman,"I had a good conversation with @ScottWapnerCNBC this afternoon. We discussed @Ukraine, @ZelenskyyUa, @Carl_C_Icahn, @RobertKennedyJr, @VivekGRamaswamy, @GovChristie, the bond and stock markets, vaccines and more. As always, I welcome your comments and criticism.   https://piped.kavin.rocks/live/TrDI3QDFh0A?si=klITWESTT78rTtfL via @YouTube","Sep 29, 2023 Â· 2:30 AM UTC"
1669,BillAckman,"I believe that long-term rates, e.g, 30-year rates, will rise further from here. As such, we remain short bonds through the ownership of swaptions.   The world is a structurally different place than it was. The peace dividend is no more. The long-term deflationary effects of outsourcing production to China are no more. Workers and unionsâ€™ bargaining power continues to rise. Strikes abound, with more likely to come as successful walkouts achieve substantial wage gains.   Energy prices are rising rapidly. Not refilling the SPR was a misguided and dangerous mistake. Our strategic assets should never be used to achieve short-term political objectives. Now we must refill the SPR while OPEC and Russia cut production.   The green energy transition is and will remain incalculably expensive. And higher gas prices will raise inflationary expectations. Just ask your average American. They see the prices at the pump and in the grocery store and donâ€™t believe inflation is moderating.  Our national debt is $33 trillion and rising rapidly. There is no sign of fiscal discipline by either party or by the presumptive presidential nominees. And each debt ceiling is an opportunity for our divided government and its most extreme actors to get media attention, and for our nation to threaten default. This is not a good way to recruit the many new buyers we need for our bonds.   The government is selling hundreds of billions of bills, notes and bonds weekly. China and other foreign nations, historically major buyers of our debt, are now selling. And the QT unwind experiment has barely begun. Imagine trying to do a massive IPO where the underwriter, insiders and short sellers are all selling at once, competing to hit every bid on the way down while the analysts downgrade their ratings to â€˜Sell.â€™  Our economy is outperforming expectations. Major infrastructure spending is beginning to contribute to economic growth and the supply of additional debt. Recession predictions have been pushed out beyond 2024.   The long-term inflation rate is not going back to 2% no matter how many times Chairman Powell reiterates it as his target. It was arbitrarily set at 2% after the financial crisis in a world very different from the one we live in now.   I bumped into the CIO of one of the worldâ€™s largest fixed income asset managers the other night and asked him how it was going. He looked like he had had a tough day. He greeted me by saying: â€˜There are just too many bondsâ€™ â€” a veritable tsunami of new issuance each week. I asked him what he was going to do about it. He said: â€˜The only thing you can do is step away.â€™  I have been surprised at how low long-term rates are. I think the best explanation is that bond investors thought of 4% as a high rate of interest because rates hadnâ€™t breached 4% for nearly 15 years. When investors saw the â€˜opportunityâ€™ to lock in 4% for 30 years, they grabbed it as a â€˜once-in-their-career opportunity,â€™ but todayâ€™s world is very different from the one they have experienced up until now.   The long-term inflation rate plus the real rate of interest plus term premium suggests that 5.5% is an appropriate yield for 30-year Treasurys. And query whether 0.5% is a sufficient real long term rate in an increasingly risky world.    And the technicals could cause yields to go even higher, particularly in the short term. We saw the beginnings of that today.   It wasnâ€™t that long ago that a previous generation thought five percent was a low rate of interest for a long-term, fixed-rate obligation.   But I could be wrong. AI might save us.","Sep 22, 2023 Â· 3:09 AM UTC"
1752,BlackRock,"Government bond yields have risen sharply but elevated volatility calls for granular and more agile strategic views. Watch Vivek Paul, BlackRock Global Head of Portfolio Research, share this week's #MarketTake ğŸ‘‰ https://1blk.co/3QXab89","Nov 29, 2023 Â· 4:06 PM UTC"
1753,BlackRock,"High interest rates are a mainstay of the new regime of greater macro and market volatility. Weâ€™re leaning into short and medium-term developed market government bonds and sticking to inflation-linked bonds over a strategic, or long-term, horizon. Find out whyğŸ‘‰ https://1blk.co/3of9XyC","Nov 28, 2023 Â· 8:57 PM UTC"
1762,BlackRock,"The interaction of #AI with other technologies and #MegaForces could yield the biggest investment opportunities. Watch Ben Powell, Chief Investment Strategist for Asia-Pacific, share this week's #MarketTake ğŸ‘‰ https://1blk.co/49zonN5","Nov 15, 2023 Â· 2:42 PM UTC"
1772,BlackRock,Developed market (DM) central banks have signaled high-for-longer policy rates. We find itâ€™s creating opportunities to get selective in stocks and bonds across regions. Read why ğŸ‘‰ https://1blk.co/49BpWKu,"Nov 7, 2023 Â· 5:22 PM UTC"
1798,BlackRock,"Long-term bond yields have surged to reflect high-for-longer interest rates, but they could still rise further after pausing briefly. Watch or listen Wei Li, Global Chief Investment Strategist, share this week's #MarketTake ğŸ‘‰ https://1blk.co/3S4xTBh","Oct 18, 2023 Â· 4:19 PM UTC"
1799,BlackRock,Weâ€™re upgrading our view on long-term U.S. Treasuries to neutral as markets price in high-for-longer policy rates. We still see long-term bond yields resuming their march higher after pausing briefly though. Read why ğŸ‘‰ https://1blk.co/46vW7sT,"Oct 17, 2023 Â· 7:51 PM UTC"
1811,BlackRock,"Stocks slid as the 10-year Treasury yields rose to 16-year highs. But not all yield rises have the same effect on markets, explains Vivek Paul, Head of Portfolio Research at the BlackRock Investment Institute. WATCH #MarketTake ğŸ‘‰ https://1blk.co/3F0Tsv9","Oct 4, 2023 Â· 2:36 PM UTC"
1816,BlackRock,#QuestionOfTheWeek: Will 10-year U.S. Treasury yields be above or below 4% by the end of 2024? BlackRock portfolio managers and strategists discuss their outlook on U.S. Treasuries below ğŸ‘‡,"Sep 28, 2023 Â· 8:49 PM UTC"
1818,BlackRock,"Bond yields have surged as the volatile macroeconomic regime brings uncertainty around central bank policy and risks ahead, explains Jean Boivin, Head of the BlackRock Investment Institute. WATCH #MarketTake ğŸ‘‰ https://1blk.co/3EVxxFG","Sep 27, 2023 Â· 2:59 PM UTC"
1820,BlackRock,Surging bond yields stole the show last week as 10-year Treasury yields briefly rose to 16-year highs. We think itâ€™s a sign markets are adjusting to the new regime of greater macroeconomic volatility and the uncertainty ahead. Read why ğŸ‘‰ https://1blk.co/3RBfHyZ,"Sep 26, 2023 Â· 3:11 PM UTC"
1822,BlackRock,"As we approach the end of the year, many are looking ahead to 2024. Imagine itâ€™s Dec 31, 2024, and you are reflecting on the year. #QuestionOfTheWeek: What is your 2024 outlook on the 10-year U.S. Treasury yield?","Sep 21, 2023 Â· 8:07 PM UTC"
1823,BlackRock,"Wei Li, BlackRock's Global Chief Investment Strategist, discusses why we get selective on risk assets, upping euro area & UK sovereign bonds, as well as Japan stocks. WATCH #MarketTake ğŸ‘‰  https://1blk.co/3t1Lije","Sep 20, 2023 Â· 5:38 PM UTC"
1837,BlackRock,"Devan Nathwani, Portfolio Strategist at the BlackRock Investment Institute, explains why weâ€™re leaning into short-term government bonds long term. Learn more in this weekâ€™s #MarketTake ğŸ‘‰ https://1blk.co/3r3hu5a","Sep 6, 2023 Â· 1:45 PM UTC"
1838,BlackRock,"Government bond yields have surged this year, with U.S. long-term yields hitting 16-year highs in August. Weâ€™re staying nimble with our strategic views and lean into short-term government bonds for income. Read more in the latest weekly commentary ğŸ‘‰ https://1blk.co/44BA2XT","Sep 5, 2023 Â· 4:37 PM UTC"
1870,BankofAmerica,"Bonds are a short-term investment, such as a U.S. Treasury bill or a money market mutual fund, that you can easily convert to cash. â¬‡ï¸","Oct 9, 2023 Â· 3:39 PM UTC"
1873,BankofAmerica,"Some classic ways to invest are: cash equivalents, stocks, and bonds. â¬‡ï¸","Oct 9, 2023 Â· 3:39 PM UTC"
2007,DeutscheBank,Deutsche Bank's Sameer Goel explains 3 things you need to know about India's inclusion in the Global Bond Index-Emerging Markets (GBI-EM) index. #dbresearch,"Oct 12, 2023 Â· 1:00 AM UTC"
2030,DeutscheBank,Congratulations to our APAC colleagues who were recognised as top sell-side individuals in the Asset Benchmark Research's latest survey of the secondary Asia G3 #bondmarket!  #FixedIncome,"Sep 29, 2023 Â· 1:30 AM UTC"
2039,DeutscheBank,"Deutsche Bank helps South Korea's KEXIM with US$ 2.5bn equivalent bond issuance, to support export financing and other lending activities for Korean exporters and importers.","Sep 25, 2023 Â· 4:47 AM UTC"
2057,UBS,"Sergio Ermotti sat down with @CNBCJou this morning, following his session at this yearâ€™s UBS European Conference in London, to discuss the market demand for the bankâ€™s recent issuance of AT1 bonds. #ShareUBS","Nov 15, 2023 Â· 3:30 PM UTC"
2081,UBS,"Listen to our #UBSResearch deep dive on real rates, one of the key topics that feature across our most asked client questions. Arend Kapteyn and Mike Cloherty discuss the demand and supply shifts driving yields higher here: from.ubs/60149A2Bu #shareUBS","Nov 6, 2023 Â· 4:00 PM UTC"
2083,UBS,"We are working with @SNB_BNS, @sixgroup, and @SDX_global to pilot the first wholesale central bank digital currency (wCBDC). We look forward to seeing the first ever settlement of a digital bond transaction with CHF wCBDC. Learn more: from.ubs/601894njp #shareUBS","Nov 2, 2023 Â· 10:02 AM UTC"
2213,CNBC,Fourth cut to 4% yields?  @terranovajoe says he's looking for that critical below 4% trigger. Jim Lebenthal says he doesn't want to see a 4th cut. They debate the future of yields.,"Dec 11, 2023 Â· 5:42 PM UTC"
2217,CNBC,How muni bond ETFs can make tax-loss harvesting a smarter strategy https://www.cnbc.com/2023/12/11/how-muni-bond-etfs-can-make-tax-loss-harvesting-a-smarter-strategy.html?taid=6577587424dc5400016815a1&utm_campaign=trueanthem&utm_medium=social&utm_source=twitter%7Cmain,"Dec 11, 2023 Â· 6:44 PM UTC"
2267,CNBC,"'Somebody has it wrong' on U.S. recession risks as oil, gold and Treasurys diverge, fund manager says https://www.cnbc.com/2023/12/11/oil-gold-and-treasurys-diverge-on-us-recession-risk-livermores-neuhauser.html?taid=6576f0eb54058e00016ce261&utm_campaign=trueanthem&utm_medium=social&utm_source=twitter%7Cmain","Dec 11, 2023 Â· 11:22 AM UTC"
2270,CNBC,Treasury yields inch higher ahead of Fed meeting https://www.cnbc.com/2023/12/11/treasury-yields-inch-higher-ahead-of-fed-meeting.html?taid=6576d0431bc5b5000153a9f2&utm_campaign=trueanthem&utm_medium=social&utm_source=twitter%7Cmain,"Dec 11, 2023 Â· 9:02 AM UTC"
2474,CNBC,This bank offers an industry-leading savings account yield above 5% https://www.cnbc.com/2023/12/08/this-bank-offers-an-industry-leading-savings-account-yield-above-5percent-.html?taid=65735f6cdf0b0e00016484de&utm_campaign=trueanthem&utm_medium=social&utm_source=twitter%7Cmain,"Dec 8, 2023 Â· 6:24 PM UTC"
2481,CNBC,82% of Americans donâ€™t use this kind of savings account that earns over 5% a year â€” hereâ€™s how much money you may be missing out on. https://www.cnbc.com/select/americans-not-using-high-yield-savings-accounts/?__source=sm_npd_nns_tw_co_220304,"Dec 8, 2023 Â· 2:08 PM UTC"
2544,CNBC,Treasury yields rise as investors await U.S. jobs report https://www.cnbc.com/2023/12/08/us-treasury-yields-investors-look-to-us-jobs-report.html?taid=6572e5109835ea000165eb09&utm_campaign=trueanthem&utm_medium=social&utm_source=twitter%7Cmain,"Dec 8, 2023 Â· 9:42 AM UTC"
2581,CNBC,Millennials have a gusto for bond ETFs â€” and that may be bad in the long run https://www.cnbc.com/2023/11/22/millennials-hold-more-bond-etfs-than-gen-x-boomers.html?utm_content=Main&utm_medium=Social&utm_source=twitter%7Cmain,"Dec 8, 2023 Â· 1:45 AM UTC"
2650,CNBC,Itâ€™s never been easier to get 5% yields. How to soften the tax hit on your big income payers https://www.cnbc.com/2023/12/07/its-easy-to-get-5percent-yields-how-to-soften-the-tax-hit-on-your-big-income-payers.html?taid=65722544df0b0e00017a615e&utm_campaign=trueanthem&utm_medium=social&utm_source=twitter%7Cmain,"Dec 7, 2023 Â· 8:04 PM UTC"
2652,CNBC,"Bianco Research President James Bianco @biancoresearch tells @KellyCNBC he's bearish on bonds and expects yields to go much higher, while Laffer Tengler Investments CEO & CIO Nancy Tengler @ntengler says she's still bullish on stocks.","Dec 7, 2023 Â· 7:00 PM UTC"
2653,CNBC,"LISTEN NOW: Bond yields have plunged in recent weeks, but our market guest says not so fast and expects the 10-year to hit 5.5% next year. He joins us to make his case. Listen and follow the @CNBCTheExchange podcast here: https://link.chtbl.com/the_exchange","Dec 7, 2023 Â· 7:35 PM UTC"
2681,CNBC,What can fixed income tell us about foreign markets? @apolloglobal Chief Economist Torsten Slok helps make sense of the decline we're seeing in China's holdings of U.S. Treasury bonds.,"Dec 7, 2023 Â· 5:05 PM UTC"
2740,CNBC,Treasury yields rise as investors look to economic data https://www.cnbc.com/2023/12/07/us-treasury-yields-investors-look-to-economic-data.html?taid=6571922d6c2eec00017512fb&utm_campaign=trueanthem&utm_medium=social&utm_source=twitter%7Cmain,"Dec 7, 2023 Â· 9:36 AM UTC"
2780,CNBC,The Dow and S&P continue to pull back as crude oil plummets 4%. Meanwhile the signs continue to point to a cooling job market sending yields further down.  @willkoulouris $JPM $MS $GS $BOFA $WFC $C $AAPL $GOOG $AMD $NVDA $TSLA $CPB $BABA $AVGO $MSFT $BXMT $WTI #UST,"Dec 7, 2023 Â· 2:31 AM UTC"
2815,CNBC,$WTI trading below $70 and the 10-year yield hitting a low of 4.106%!  The Chartmaster @CarterBWorth explains todayâ€™s downhill moves and key levels to watch:,"Dec 6, 2023 Â· 10:32 PM UTC"
2942,CNBC,"#WEXWordOfTheDay w/ @TheDomino: Assured  @jeffkilburg to says the confidence he has in the markets is ""due to the bond leadership.""","Dec 6, 2023 Â· 11:39 AM UTC"
2963,CNBC,2-year Treasury yield rises as investors digest economic data https://www.cnbc.com/2023/12/06/us-treasury-yields-investors-digest-economic-data.html?taid=65703fb293e8010001f8fc50&utm_campaign=trueanthem&utm_medium=social&utm_source=twitter%7Cmain,"Dec 6, 2023 Â· 9:32 AM UTC"
3065,CNBC,Bond yields will come down from their fever pitch in 2024. How to prepare your portfolio https://www.cnbc.com/2023/12/05/bond-yields-will-come-down-in-2024-how-to-prepare-your-portfolio-.html?taid=656f826727761800018fa4c5&utm_campaign=trueanthem&utm_medium=social&utm_source=twitter%7Cmain,"Dec 5, 2023 Â· 8:06 PM UTC"
3326,Reuters,Bond investors brace for Fed pushback on rate cuts reut.rs/3GDdb4J,"Dec 11, 2023 Â· 2:45 PM UTC"
3451,Reuters,Ethiopia investor call scheduled Thursday after bondholder talks break down reut.rs/3REimb3,"Dec 11, 2023 Â· 7:50 AM UTC"
3578,Reuters,Morning Bid: When higher US yields and dollar is a good thing reut.rs/47LsDro,"Dec 10, 2023 Â· 9:55 PM UTC"
3996,Reuters,Ethiopia edges towards default as bondholder talks falter reut.rs/4abeJ3k,"Dec 8, 2023 Â· 8:01 PM UTC"
4736,BusinessInsider,"EU defense bonds could be a new asset class to bolster weapons makers amid Russia's war on Ukraine, European Council chief says https://trib.al/v4NqJ1G","Nov 30, 2023 Â· 6:11 PM UTC"
4800,BusinessInsider,"US bonds surge toward their best month since 1985, putting them in positive territory for the year https://trib.al/jExE1Bu","Nov 29, 2023 Â· 10:09 PM UTC"
4862,BusinessInsider,"Falling bond yields help make another Fed rate hike likely next month, but expect a quick pivot to cuts in 2024, S&P Global says https://trib.al/L3r5d2J","Nov 29, 2023 Â· 3:23 AM UTC"
5010,BusinessInsider,Here are 4 reasons investors should be paying attention to bonds as a turbulent year nears the finish line https://trib.al/Vy8hWiT,"Nov 26, 2023 Â· 5:43 PM UTC"
5216,WSJ,Investors spent most of 2023 fretting about inflation and interest rates. Now they are snapping up everything from stocks and bonds to crypto and even gold. https://on.wsj.com/3NiHtgX https://on.wsj.com/3NiHtgX,"Dec 11, 2023 Â· 12:30 PM UTC"
5283,WSJ,The U.S. Treasury normally likes its debt sales to be humdrum affairsâ€”but now those sales are sparking fireworks in markets https://on.wsj.com/3TfR77F https://on.wsj.com/3TfR77F,"Dec 10, 2023 Â· 7:00 PM UTC"
5331,WSJ,A new era of income investing is turning boomers into bond buyers https://on.wsj.com/3RaL0Ps https://on.wsj.com/3RaL0Ps,"Dec 10, 2023 Â· 2:45 AM UTC"
5552,WSJ,"Cyberattacks have left schools, hospitals and utilities struggling to recover, posing a hidden risk in the municipal bond market https://on.wsj.com/3uTQUNi https://on.wsj.com/3uTQUNi","Dec 7, 2023 Â· 11:15 AM UTC"
5603,business,"Wall Street holds back on big bets before CPI test â¤µï¸  - S&P 500 remains above 4,600; US 10-year yield little changed - Fed, ECB, BOE interest-rate decisions are all due this week  Get live markets updates:  https://trib.al/YQ94sRn","Dec 11, 2023 Â· 9:23 PM UTC"
5614,business,"Honeywell plans to use cash and debt to pay for the $4.95 billion acquisition of Carrierâ€™s security business and tap the bond market next year, its finance chief said https://trib.al/OS450vu","Dec 11, 2023 Â· 8:37 PM UTC"
5615,business,BlackRock says the municipal-bond marketâ€™s rip-roaring rally is probably unsustainable https://trib.al/CTzmBb9,"Dec 11, 2023 Â· 8:35 PM UTC"
5626,business,Guatemalaâ€™s dollar bonds lost the most among emerging-market sovereigns on Monday as attempts to overturn the presidential election result risk making the nation a global pariah. https://trib.al/GcjxP15,"Dec 11, 2023 Â· 7:50 PM UTC"
5651,business,"The municipal bond market just had its biggest monthly rally in 41 years, yet investors keep pulling out their cash. Here's why https://trib.al/f9DqmcN","Dec 11, 2023 Â· 5:46 PM UTC"
5719,business,"As a re-write of Chileâ€™s constitution comes to an end, rates fall and economic growth returns it seems that Chileâ€™s bond market is regaining its mojo. But there may be one final blow to come https://trib.al/9sA03Yw","Dec 11, 2023 Â· 2:02 PM UTC"
5740,business,"Adani Green plans to raise about $410 million via new bond issuance, according to a filing to Singaporeâ€™s stock exchange https://trib.al/xqfUos2","Dec 11, 2023 Â· 12:46 PM UTC"
5810,business,"Adani Green plans to raise about $410 million via new bond issuance, according to a filing to Singaporeâ€™s stock exchange https://trib.al/Rt47pnI","Dec 11, 2023 Â· 8:27 AM UTC"
5815,business,"Sure, euro-zone inflation has slowed. But the ECB is unlikely to cut interest rates as swiftly as the market currently anticipates - meaning bond yields have fallen too far, too fast, @marcusashworth writes https://trib.al/WrIaE6W via @opinion","Dec 11, 2023 Â· 8:00 AM UTC"
5837,business,"Ethiopia is set to join Zambia and Ghana as a sovereign defaulter, with an interest payment falling due to its bondholders that the the state says it wonâ€™t meet https://trib.al/xIkEtNE","Dec 11, 2023 Â· 6:44 AM UTC"
5838,business,"Stripping New Zealandâ€™s central bank of its dual mandate and returning it to a single focus on price stability may improve its effectiveness by influencing inflation expectations, the Treasury Department says https://trib.al/wKxWWXn","Dec 11, 2023 Â· 6:40 AM UTC"
6009,business,"Local bonds from emerging markets are luring investors, who are looking to profit from what they expect to be hefty returns https://trib.al/HxLYNaR","Dec 10, 2023 Â· 1:32 PM UTC"
6062,business,"A fretful 60 hours for bond and currency traders, and a cash boost for foodâ€™s climate fight: Sunday Asia Briefing https://trib.al/jcjaVp9","Dec 10, 2023 Â· 5:17 AM UTC"
6108,business,A rally over the last week was powerful enough to erase some losses on a series of dollar bonds tied to the conglomerate of billionaire Gautam Adani https://trib.al/lV0yeqG,"Dec 9, 2023 Â· 8:04 PM UTC"
6130,business,An alliance of bond investors representing $5 trillion in assets says its first study of sovereign issuers shows most of their climate pledges lack the necessary ambition https://trib.al/7DAL5vZ,"Dec 9, 2023 Â· 6:01 PM UTC"
6270,business,A group of academics set out to test that old chestnut about how a diversified portfolio of bonds and stocks is the best way to save for the future. What they found may surprise you: Hereâ€™s your Evening Briefing https://trib.al/EWFLOUt,"Dec 8, 2023 Â· 11:17 PM UTC"
6350,business,Municipal bond investors seem to have brushed off news that Californiaâ€™s budget has gone from a record surplus recently to its largest deficit ever at $68 billion https://trib.al/Ii0p012,"Dec 8, 2023 Â· 6:25 PM UTC"
6357,business,"The Fed should wait to cut interest rates until thereâ€™s 'overwhelming' data to support the decision, former Treasury Secretary Larry Summers said https://trib.al/ZGd1EGe","Dec 8, 2023 Â· 5:58 PM UTC"
6375,business,"Nikola shares fell after the electric carmaker raised about $275 million from the sale of shares and green convertible bonds, less than originally planned. https://trib.al/B19PCoY","Dec 8, 2023 Â· 4:43 PM UTC"
6376,business,Treasury yields rose as traders pared expectations for the Federal Reserve to ease monetary policy aggressively next year after a better-than-forecast jobs report https://trib.al/fzWJR43,"Dec 8, 2023 Â· 4:40 PM UTC"
6479,business,"You're better off going all in on stocks than bonds, new research finds https://trib.al/sQziDHy","Dec 8, 2023 Â· 11:45 AM UTC"
6540,business,"Stock markets will suffer in the first quarter of 2024 as a rally in bonds would signal sputtering economic growth, according to Bank of America strategist Michael Hartnett https://trib.al/JPYAhYx","Dec 8, 2023 Â· 9:29 AM UTC"
6541,business,"China funds accepted the lowest yields in at least a decade and a half in an auction of long-tenor government bonds, shrugging off Moodyâ€™s downgrade of the countryâ€™s credit outlook https://trib.al/SLQx4F1","Dec 8, 2023 Â· 9:24 AM UTC"
6545,business,Traders in India are betting the central bank may refrain from doing bond sales in the coming months after the monetary authority indicated a reduced need to deploy the tool https://trib.al/Aqq7sNB,"Dec 8, 2023 Â· 9:08 AM UTC"
6565,markets,-OPEC report -US CPI -30-year Treasury auction -Zelenskiy in DC  Here's what to watch tomorrow https://trib.al/jJKgLZA,"Dec 11, 2023 Â· 11:59 PM UTC"
6589,markets,"Wall Street holds back on big bets before CPI test â¤µï¸  - S&P 500 remains above 4,600; US 10-year yield little changed - Fed, ECB, BOE interest-rate decisions are all due this week  Get live markets updates:  https://trib.al/Me8eShJ","Dec 11, 2023 Â· 9:23 PM UTC"
6599,markets,BlackRock says the municipal-bond marketâ€™s rip-roaring rally is probably unsustainable https://trib.al/Laq6l7G,"Dec 11, 2023 Â· 8:35 PM UTC"
6607,markets,Election Meddling and Pariah Risk Send Guatemala Bonds Lower https://trib.al/caKithB,"Dec 11, 2023 Â· 7:39 PM UTC"
6611,markets,Worldâ€™s Largest EM Bond Fund Sees Cash Surge on US Soft Landing https://trib.al/gpLWMMI,"Dec 11, 2023 Â· 6:49 PM UTC"
6618,markets,"The municipal bond market just had its biggest monthly rally in 41 years, yet investors keep pulling out their cash. Here's why https://trib.al/gknO6XL","Dec 11, 2023 Â· 5:46 PM UTC"
6650,markets,"As a re-write of Chileâ€™s constitution comes to an end, rates fall and economic growth returns it seems that Chileâ€™s bond market is regaining its mojo. But there may be one final blow to come https://trib.al/t2O0ZqG","Dec 11, 2023 Â· 2:00 PM UTC"
6690,markets,"Adani Green plans to raise about $410 million via new bond issuance, according to a filing to Singaporeâ€™s stock exchange https://trib.al/mNjDW1p","Dec 11, 2023 Â· 8:27 AM UTC"
6703,markets,"Stripping New Zealandâ€™s central bank of its dual mandate and returning it to a single focus on price stability may improve its effectiveness by influencing inflation expectations, the Treasury Department says https://trib.al/p8gL2Nw","Dec 11, 2023 Â· 6:40 AM UTC"
6772,markets,"Local bonds from emerging markets are luring investors, who are looking to profit from what they expect to be hefty returns https://trib.al/wDIa11E","Dec 10, 2023 Â· 1:34 PM UTC"
6795,markets,"A fretful 60 hours for bond and currency traders, and a cash boost for foodâ€™s climate fight: Sunday Asia Briefing https://trib.al/OYZjsnE","Dec 10, 2023 Â· 5:16 AM UTC"
6804,markets,A rally over the last week was powerful enough to erase some losses on a series of dollar bonds tied to the conglomerate of billionaire Gautam Adani https://trib.al/QLt1BmF,"Dec 9, 2023 Â· 8:04 PM UTC"
6847,markets,A group of academics set out to test that old chestnut about how a diversified portfolio of bonds and stocks is the best way to save for the future. What they found may surprise you: Hereâ€™s your Evening Briefing https://trib.al/Xh8aHXV,"Dec 8, 2023 Â· 11:17 PM UTC"
6870,markets,Municipal bond investors seem to have brushed off news that Californiaâ€™s budget has gone from a record surplus recently to its largest deficit ever at $68 billion https://trib.al/zVL5upS,"Dec 8, 2023 Â· 6:25 PM UTC"
6885,markets,"Nikola shares fell after the electric carmaker raised about $275 million from the sale of shares and green convertible bonds, less than originally planned. https://trib.al/fFXGPEF","Dec 8, 2023 Â· 4:43 PM UTC"
6886,markets,Treasury yields rose as traders pared expectations for the Federal Reserve to ease monetary policy aggressively next year after a better-than-forecast jobs report https://trib.al/U2PLKAi,"Dec 8, 2023 Â· 4:40 PM UTC"
6936,markets,"You're better off going all in on stocks than bonds, new research finds https://trib.al/v5QgIfy","Dec 8, 2023 Â· 11:45 AM UTC"
6966,markets,"Stock markets will suffer in the first quarter of 2024 as a rally in bonds would signal sputtering economic growth, according to Bank of America strategist Michael Hartnett https://trib.al/eXpPKHi","Dec 8, 2023 Â· 9:29 AM UTC"
6967,markets,"China funds accepted the lowest yields in at least a decade and a half in an auction of long-tenor government bonds, shrugging off Moodyâ€™s downgrade of the countryâ€™s credit outlook https://trib.al/nqSt8y5","Dec 8, 2023 Â· 9:24 AM UTC"
6969,markets,Traders in India are betting the central bank may refrain from doing bond sales in the coming months after the monetary authority indicated a reduced need to deploy the tool https://trib.al/AdtZ8n4,"Dec 8, 2023 Â· 9:08 AM UTC"
6984,markets,"Chinaâ€™s Shenzhen Stock Exchange met with some holders of Country Garden credit default swap-linked yuan bond to seek feedback on repayment, sources say https://trib.al/taN1dkH","Dec 8, 2023 Â· 7:15 AM UTC"
6994,markets,The Bank of England steps up warnings about hedge funds shorting US Treasury futures https://trib.al/16Gx2RW,"Dec 8, 2023 Â· 6:00 AM UTC"
7014,markets,An alliance of bond investors representing $5 trillion in assets says its first study of sovereign issuers shows most of their climate pledges lack the necessary ambition https://trib.al/Yw5fhXW,"Dec 8, 2023 Â· 3:59 AM UTC"
7021,markets,"Adani Groupâ€™s solar-energy unit has unveiled an initial plan to repay its $750 million bond due in September, marking the Indian conglomerateâ€™s latest effort to restore investor confidence after a market rout earlier this year https://trib.al/dgCDvUe","Dec 8, 2023 Â· 2:27 AM UTC"
7030,markets,"The Treasury is poised to start a consultation to bolster the UKâ€™s bank resolution toolkit, after the crisis at Silicon Valley Bank revealed some shortcomings, according to the City minister https://trib.al/uqpPQNi","Dec 8, 2023 Â· 12:57 AM UTC"
7055,markets,"JPMorgan is predicting high single-digit returns for US corporate bonds next year, driven by lower bond yields and relatively benign default rates https://trib.al/LgmkWRm","Dec 7, 2023 Â· 9:54 PM UTC"
7061,markets,Wall Streetâ€™s AI craze drives Nasdaq 100 up 1.5%:  - Bond yields edge higher as traders await Fridayâ€™s jobs report - Yen rallies amid bets the end of negative BOJ rate is near  Get live markets updates â¤µï¸ https://trib.al/JJDEDNv,"Dec 7, 2023 Â· 9:06 PM UTC"
7081,markets,"A key report on employment in the US will help determine whether the recent ferocious rally in Treasury bonds has gone too far, too fast https://trib.al/g0kcqBP","Dec 7, 2023 Â· 6:07 PM UTC"
7084,markets,"Investors should opt for cash or bonds over stocks, according to JPMorgan's Marko Kolanovic https://trib.al/IfaZA8d","Dec 7, 2023 Â· 5:56 PM UTC"
7100,economics,"Wall Street holds back on big bets before CPI test â¤µï¸  - S&P 500 remains above 4,600; US 10-year yield little changed - Fed, ECB, BOE interest-rate decisions are all due this week  Get live markets updates:  https://trib.al/ukhCspD","Dec 11, 2023 Â· 9:23 PM UTC"
7107,economics,Guatemalaâ€™s dollar bonds lost the most among emerging-market sovereigns on Monday as attempts to overturn the presidential election result risk making the nation a global pariah. https://trib.al/FX4TsoN,"Dec 11, 2023 Â· 8:09 PM UTC"
7112,economics,Worldâ€™s Largest EM Bond Fund Sees Cash Surge on US Soft Landing https://trib.al/AArkGXE,"Dec 11, 2023 Â· 7:19 PM UTC"
7132,economics,"As a re-write of Chileâ€™s constitution comes to an end, rates fall and economic growth returns it seems that Chileâ€™s bond market is regaining its mojo. But there may be one final blow to come https://trib.al/1yqMPuX","Dec 11, 2023 Â· 2:30 PM UTC"
7186,economics,"Stripping New Zealandâ€™s central bank of its dual mandate and returning it to a single focus on price stability may improve its effectiveness by influencing inflation expectations, the Treasury Department says https://trib.al/8PuQd5V","Dec 11, 2023 Â· 7:08 AM UTC"
7233,economics,"The US is stepping up efforts to keep drug money out of its financial system and stem the flood of fentanyl across its southern border, Treasury Secretary Janet Yellen says https://trib.al/rOxdD1I","Dec 10, 2023 Â· 6:08 PM UTC"
7246,economics,"The Fed should wait to cut interest rates until thereâ€™s 'overwhelming' data to support the decision, former Treasury Secretary Larry Summers says https://trib.al/M6MC8bU","Dec 10, 2023 Â· 2:08 PM UTC"
7280,economics,"A fretful 60 hours for bond and currency traders, and a cash boost for foodâ€™s climate fight: Sunday Asia Briefing https://trib.al/LG3v5Zo","Dec 10, 2023 Â· 5:47 AM UTC"
7287,economics,Traders in India are betting the central bank may refrain from doing bond sales in the coming months after the monetary authority indicated a reduced need to deploy the tool https://trib.al/yiiRiPH,"Dec 10, 2023 Â· 3:04 AM UTC"
7375,economics,"The Fed should wait to cut interest rates until thereâ€™s 'overwhelming' data to support the decision, former Treasury Secretary Larry Summers said https://trib.al/2WCkkr2","Dec 8, 2023 Â· 5:36 PM UTC"
7382,economics,Treasury yields rose as traders pared expectations for the Federal Reserve to ease monetary policy aggressively next year after a better-than-forecast jobs report https://trib.al/MQRsCgw,"Dec 8, 2023 Â· 5:03 PM UTC"
7431,economics,"China funds accepted the lowest yields in at least a decade and a half in an auction of long-tenor government bonds, shrugging off Moodyâ€™s downgrade of the countryâ€™s credit outlook https://trib.al/x6MfG71","Dec 8, 2023 Â· 9:55 AM UTC"
7433,economics,Traders in India are betting the central bank may refrain from doing bond sales in the coming months after the monetary authority indicated a reduced need to deploy the tool https://trib.al/56IdkIF,"Dec 8, 2023 Â· 9:39 AM UTC"
7470,economics,"The Treasury is poised to start a consultation to bolster the UKâ€™s bank resolution toolkit, after the crisis at Silicon Valley Bank revealed some shortcomings, according to the City minister https://trib.al/FUT49vt","Dec 8, 2023 Â· 1:27 AM UTC"
7489,economics,Wall Streetâ€™s AI craze drives Nasdaq 100 up 1.5%:  - Bond yields edge higher as traders await Fridayâ€™s jobs report - Yen rallies amid bets the end of negative BOJ rate is near  Get live markets updates â¤µï¸ https://trib.al/inlHAhh,"Dec 7, 2023 Â· 9:07 PM UTC"
7491,economics,An alliance of bond investors representing $5 trillion in assets says its first study of sovereign issuers shows most of their climate pledges lack the necessary ambition https://trib.al/8Z6svCa,"Dec 7, 2023 Â· 8:37 PM UTC"
7499,economics,"A key report on employment in the US will help determine whether the recent ferocious rally in Treasury bonds has gone too far, too fast https://trib.al/37w34Nq","Dec 7, 2023 Â· 6:38 PM UTC"
7527,economics,Creditors of Unigel declared the early maturity of local bonds after failing to reach an agreement with the troubled Brazilian fertilizer maker https://trib.al/PeTNTQX,"Dec 7, 2023 Â· 1:09 PM UTC"
7530,economics,"Capital flows from foreigners into Turkish stocks and bonds are set to turn positive in 2023 for the first time in six years, after the pivot in June toward higher interest rates and a more orthodox monetary policy https://trib.al/PdRC78h","Dec 7, 2023 Â· 12:49 PM UTC"
7548,economics,An alliance of bond investors representing $5 trillion in assets says its first study of sovereign issuers shows most of their climate pledges lack the necessary ambition https://trib.al/OdfXAfY,"Dec 7, 2023 Â· 10:19 AM UTC"
7549,economics,"Thailand plans to regulate the sale of baht-denominated bonds by foreign entities to shield local investors, a move that risks driving away borrowers from Laos and Myanmar https://trib.al/R1npnrN","Dec 7, 2023 Â· 10:12 AM UTC"
7550,economics,"Hitachi sold Japanâ€™s biggest digital corporate bonds in a relatively young market, building on demand for such securities https://trib.al/dgLj84C","Dec 7, 2023 Â· 10:06 AM UTC"
7566,economics,The Reserve Bank of Australia announces that Sarah Hunter will move from the Treasury to become the central bankâ€™s assistant governor and chief economist starting next month https://trib.al/11ruWEx,"Dec 7, 2023 Â· 7:31 AM UTC"
7571,economics,This weekâ€™s sizzling bond rally ran into a stop sign on Wednesday as a slump in Japanese debt jangled the nerves of Treasury traders already fretting that yields had dropped too far https://trib.al/4GxpX4w,"Dec 7, 2023 Â· 7:18 AM UTC"
7616,economics,"Treasury Secretary Janet Yellen refrained from endorsing current expectations among traders for Fed interest-rate cuts, while saying that markets can sometimes complement policymakersâ€™ actions. https://trib.al/eGXjJ6W","Dec 6, 2023 Â· 10:08 PM UTC"
7630,economics,A Sudden Strain in Funding Is A New Headache for the Bond Market https://trib.al/jqXDqjC,"Dec 6, 2023 Â· 7:41 PM UTC"
7645,economics,"The US is stepping up efforts to keep drug money out of its financial system and stem the flood of fentanyl across its southern border, Treasury Secretary Janet Yellen said. https://trib.al/WQ3tzXp","Dec 6, 2023 Â· 5:17 PM UTC"
7682,economics,"Moodyâ€™s cuts its outlook for eight Chinese banks to negative from stable, a day after unveiling a bearish stance on the nationâ€™s sovereign bonds https://trib.al/1gNtbrw","Dec 6, 2023 Â· 12:19 PM UTC"
7685,economics,The Bank of England steps up warnings about hedge funds shorting US Treasury futures https://trib.al/IxYN83E,"Dec 6, 2023 Â· 11:14 AM UTC"
7726,economics,Global Bond Rally Powers on as Rate Cut Bets Appear Everywhere https://trib.al/xgYFcbw,"Dec 6, 2023 Â· 4:42 AM UTC"
7732,economics,"Chinese experts hit back at Moodyâ€™s for lowering its outlook on the nationâ€™s sovereign bonds, questioning its understanding of the worldâ€™s second-largest economy https://trib.al/UoiJVlL","Dec 6, 2023 Â· 2:56 AM UTC"
7738,economics,Treasury Secretary Janet Yellen said Congress holds Ukraineâ€™s fate in their hands as they block $61 billion in fresh funding requested by the Biden administration https://trib.al/zNFBwjo,"Dec 6, 2023 Â· 1:50 AM UTC"
7753,economics,"Copper fell after Moodyâ€™s Investors Service cut its outlook for Chinese sovereign bonds to negative, underscoring deepening global concerns over debt levels in the worldâ€™s largest consumer of commodities https://trib.al/kFWFXGE","Dec 5, 2023 Â· 10:32 PM UTC"
7762,economics,Treasury yields resumed their downward slide after the latest sign of labor-market cooling bolstered bets that a Federal Reserve shift to policy easing isnâ€™t far off https://trib.al/Q7r1ubU,"Dec 5, 2023 Â· 8:29 PM UTC"
7824,economics,Zimbabwe scraps a plan to list a $200 million dollar bond on its stock exchange in the resort city of Victoria Falls https://trib.al/epe308Q,"Dec 5, 2023 Â· 10:09 AM UTC"
7834,economics,"Moodyâ€™s cut its outlook for Chinese sovereign bonds to negative, underscoring deepening global concerns about the level of debt in the worldâ€™s second largest economy https://trib.al/MfWyFuY","Dec 5, 2023 Â· 8:52 AM UTC"
7892,economics,"Treasury Secretary Janet Yellen will travel to Mexico this week for a series of high-level meetings, partly focused on stemming the supply of fentanyl into the US https://trib.al/S7w5swx","Dec 4, 2023 Â· 8:47 PM UTC"
7895,economics,"India is once again leading flows into US ETFs tracking emerging markets, as falling Treasury yields and a weakening dollar turn investors toward the developing world https://trib.al/guNo2kH","Dec 4, 2023 Â· 8:17 PM UTC"
7928,economics,Chile bond investors are regaining their appetite for risk https://trib.al/sULogBV,"Dec 4, 2023 Â· 2:06 PM UTC"
7969,economics,Foreign investors raced back to Indonesiaâ€™s bonds last month after the central bank raised rates and as sentiment toward emerging market assets improved on bets the Federal Reserve will cut rates by mid-2024 https://trib.al/xEyo6uJ,"Dec 4, 2023 Â· 7:44 AM UTC"
8001,economics,"A torrid bond market rally signals the debate is turning to when central bankers will start cutting rates, and by how much https://trib.al/Arsh59h","Dec 3, 2023 Â· 8:33 PM UTC"
8010,economics,Treasury Secretary Janet Yellen says the US needs to reduce over-reliance on China in key supply chains https://trib.al/mPdn2wV,"Dec 3, 2023 Â· 3:08 PM UTC"
8012,economics,"Pimco and Goldman Sachs are bullish on emerging markets after developing stocks, currencies and bonds all rose in November https://trib.al/ipMohs7","Dec 3, 2023 Â· 2:15 PM UTC"
8021,economics,"Argentina should adopt the dollar, a former Fed economist says. An ex-US Treasury officials says the opposite https://trib.al/eu9VnE8","Dec 3, 2023 Â· 12:09 PM UTC"
8053,economics,A bond market thatâ€™s supposed to cut risk just got upended by a surprise call https://trib.al/u6vSl4q,"Dec 2, 2023 Â· 8:32 PM UTC"
8055,economics,"The last time the municipal bond market rallied so much, it was Paul Volcker â€” and not Jerome Powell â€” who was winning a war on inflation https://trib.al/hjQObNY","Dec 2, 2023 Â· 7:08 PM UTC"
8205,CNN,The man suspected of shooting three Palestinian college students in Vermont pleads not guilty and will be held without bond https://cnn.it/3QZYYn4,"Nov 27, 2023 Â· 4:18 PM UTC"
8441,CNN,"The Senate has confirmed former Treasury Secretary Jack Lew as the new US ambassador to Israel, despite stiff opposition from Senate Republicans over his involvement in the Iran nuclear deal during the Obama administration https://trib.al/rrbbJEQ","Oct 31, 2023 Â· 7:23 PM UTC"
9277,nytimes,"The first ever tyrannosaur skeleton with stomach contents still preserved inside was unveiled Friday, yielding an exquisite snapshot of the dinosaur's feeding behaviors 75.3 million years ago. https://nyti.ms/3NjWCyG","Dec 9, 2023 Â· 5:40 AM UTC"
9322,nytimes,"The first ever tyrannosaur skeleton with stomach contents still preserved inside was unveiled Friday, yielding an exquisite snapshot of the dinosaur's feeding behaviors 75.3 million years ago. https://nyti.ms/3RAgvE8","Dec 8, 2023 Â· 9:20 PM UTC"
10046,nytimes,"In the season finale of â€œThe Golden Bachelor,â€ Gerry Turner proposed to a woman he bonded with early in the season. https://nyti.ms/47CfJvQ","Dec 1, 2023 Â· 6:40 AM UTC"
10073,nytimes,"For farmers, having a consistent water supply is key to predictable yields, so powerful irrigation wells are often used to tap groundwater. Plus, global warming has pushed drier weather eastward, deeper into the Corn Belt. https://nyti.ms/410UVvq","Nov 30, 2023 Â· 11:24 PM UTC"
10082,nytimes,"Across a dozen heartland states, rural landscapes are often dominated by corn. But irrigation has been surging, driven by the climate threat and the pursuit of more reliable yields. https://nyti.ms/410UVvq","Nov 30, 2023 Â· 9:55 PM UTC"
11143,Vanguard_Group,"Our bond return expectations have surged as interest rates have remained high. In equity markets, meanwhile, greater opportunities may be found outside the U.S. Read more economic & market forecasts in our 2024 global outlook summary: https://bit.ly/47Bqmir #VanguardInsights","Nov 27, 2023 Â· 5:00 PM UTC"
11146,Vanguard_Group,Vanguardâ€™s Roger Aliaga-DÃ­az & Anatoly Shtekhman explain why the current environment is attractive for bonds & why long-term retirement investors should not abandon this important asset class despite recent uncertainty. https://bit.ly/46zVpKj #VanguardInsights #Bonds,"Nov 27, 2023 Â· 2:00 PM UTC"
11156,Vanguard_Group,We expect U.S. bonds to post an annualized 4.8%â€“5.8% return over the next decade in this higher-rate environment. Learn more in our 2024 global outlook summary: https://bit.ly/47mpjTB #VanguardInsights #VEMO,"Nov 22, 2023 Â· 5:00 PM UTC"
11164,Vanguard_Group,"Despite recent volatility in bond markets, our experts believe that long- term retirement investors should not abandon this important asset class. Hereâ€™s why. https://bit.ly/3MSefVX #BondsinRetirementPortfolios #VanguardInsights #Bonds #Retirement #Investing #FixedIncome","Nov 21, 2023 Â· 5:00 PM UTC"
11174,Vanguard_Group,"For actively managed bond funds, what risk factor strategies work best? In our analysis of bond funds, the default factor has consistently been a greater performance differentiator than prepayment or term factors. https://bit.ly/3G1pxU2 #FixedIncome #ActiveFixedIncome #Bonds","Nov 17, 2023 Â· 5:30 PM UTC"
11176,Vanguard_Group,"â€œIt's a new era for bonds,â€ Vanguard Global Head of Fixed Income Sara Devereux shares in a new interview with Barronâ€™s. Discover where she sees investment opportunity in fixed income right now.  https://bit.ly/3MHUVL6 #VanguardInsights #Economy #Inflation #FixedIncome","Nov 16, 2023 Â· 8:30 PM UTC"
11199,Vanguard_Group,"Our research on risk factors suggests that, at least historically, default has been the most consistent differentiator for performance over the long term. Read more. https://bit.ly/40xJRWB #VanguardInsights #FixedIncome #ActiveFixedIncome #Bonds","Nov 13, 2023 Â· 2:00 PM UTC"
11211,Vanguard_Group,"Sara Devereux, global head of Vanguard Fixed Income Group, shares how her team is approaching opportunities in the bond markets given the volatile interest rate environment on a new episode of CNBC Pro: https://bit.ly/3FTifBK #VanguardInsights #Economy #Bonds #MarketOutlook","Nov 9, 2023 Â· 9:00 PM UTC"
11220,Vanguard_Group,Our theme of â€œhigher for longerâ€ interest rates remains intact. High-quality investment-grade corporates look the most attractive among the options in credit right now.   Read more analysis from our active fixed income experts. https://bit.ly/3MvOD0V #ActiveFixedIncome #Bonds,"Nov 7, 2023 Â· 2:00 PM UTC"
11225,Vanguard_Group,"3-Minute Watch: Vanguard CIO Greg Davis tells CNBC that the current interest rate environment is an opportunity for the long-term investor to further diversify, with compelling value not just in money markets, but bonds as well. https://bit.ly/3FHg8AM #VanguardInsights #Economy","Nov 3, 2023 Â· 4:00 PM UTC"
11231,Vanguard_Group,"Vanguard CEO Tim Buckley sat down with @CNBCâ€™s ""The Exchange"" to share our perspective on the outlook for the stock and bond markets, the rise in investors turning to cash, and more.  https://bit.ly/40nA45h #VanguardInsights #Economy #Bonds #MarketOutlook #InterestRates #ETF","Nov 2, 2023 Â· 8:00 PM UTC"
11238,Vanguard_Group,"Investors came into 2023 expecting a recession, and instead saw a surprisingly robust economy. As we look toward 2024, we think investors may be surprised again, this time with a weaker economy. Read more from our active fixed income experts: https://bit.ly/3QH951n #Bonds","Nov 2, 2023 Â· 1:00 PM UTC"
11246,Vanguard_Group,"Weâ€™re in a new era. With real yields at their highest levels in 15 years, bonds today can offer more significant value in total returns to a portfolio. And we expect higher yields to last.   Read more analysis from our active fixed income experts.  https://bit.ly/3FGsoSe #Bonds","Oct 31, 2023 Â· 1:00 PM UTC"
11416,Vanguard_Group,"On the quest for ways to make faster, smarter decisions in bond markets, Sara Devereux, global head of Vanguard Fixed Income Group, found unexpected insights in a book about the world of gambling.  https://bit.ly/4512se3 #VanguardInsights #Investing #BookPicks","Sep 21, 2023 Â· 10:30 AM UTC"
11453,Vanguard_Group,The mechanics of negative convexity and how it can impact bondholders.  https://vgi.vg/488hoKh #VanguardInsights,"Sep 11, 2023 Â· 5:00 PM UTC"
11494,PIMCO,"Bonds look more attractive than in a decade, especially as compared to equities â€” might you want to adjust your allocations?   Learn more in our latest Asset Allocation Outlook, now. https://pim.co/6aj521yo #Bonds #AssetAllocation","Dec 5, 2023 Â· 12:00 AM UTC"
11509,PIMCO,Discover why now may be a good time to invest in municipal bonds â†’ https://pim.co/fdmuoffv,"Nov 14, 2023 Â· 8:00 PM UTC"
11510,PIMCO,"Bonds look more attractive than in a decade, especially as compared to equities â€” might you want to adjust your allocations?   Learn more in our latest Asset Allocation Outlook, now. https://pim.co/21cvwp6f #Bonds #AssetAllocation","Nov 14, 2023 Â· 6:34 PM UTC"
11518,PIMCO,"Investors, with todayâ€™s elevated #BondYields, it might be time to fill up your shopping carts with high-quality finds.   Start shopping nowâ†’ https://pim.co/xdzsp4dt #GlobalEconomicOutlook #RecessionRisk","Nov 7, 2023 Â· 12:00 PM UTC"
11527,PIMCO,Interest rates and #recessionrisk are uncertain. Where do bonds stand and where are they going?  Find out in our Income Update Webcast. Watch now. https://pim.co/gwjfssdo,"Oct 31, 2023 Â· 10:00 AM UTC"
11536,PIMCO,Interest rates and #recessionrisk are uncertain. Where do bonds stand and where are they going?  Find out in our Income Update Webcast. Register now. https://pim.co/6o58njvs,"Oct 23, 2023 Â· 4:00 PM UTC"
11548,PIMCO,Interest rates and #recessionrisk are uncertain. Where do bonds stand and where are they going?  Find out in our Income Update Webcast. Register now. https://pim.co/o2ayqmfk,"Oct 12, 2023 Â· 4:00 PM UTC"
11549,PIMCO,"Markets may be expecting a â€˜soft landingâ€™ for the global economy, but we believe investors should prepare portfolios for a range of possible scenarios. Read our latest  #GlobalEconomicOutlook, now â†’   https://pim.co/iuycdpl2 #BondYields #RecessionRisk","Oct 11, 2023 Â· 4:00 PM UTC"
11551,PIMCO,Looking to earn higher yields in fixed income? Look to short-term bonds. Watch now to learn more.https://pim.co/d41szzsi,"Oct 10, 2023 Â· 4:00 PM UTC"
11552,PIMCO,Whatâ€™s behind the spike in bond yields? Read our take: https://pim.co/d84pkb,"Oct 7, 2023 Â· 2:00 PM UTC"
11560,PIMCO,Looking for ways to unlock higher yields in fixed income?  Watch our latest View From the Trade Floor to learn the three potential benefits of seeking to turn cash into cash flow with short-term bonds. https://pim.co/uy6oba,"Oct 4, 2023 Â· 4:00 PM UTC"
11586,PIMCO,Curious about the factors driving the recent rise in global yields?   Watch now for #insights and to find out what the surge means for #investors. https://pim.co/7xewar,"Sep 11, 2023 Â· 10:00 AM UTC"
11593,PIMCO,Why are global bond #yields on the rise? Our latest â€œView From the Trade Floorâ€ outlines the four major reasons.  Watch now to learn more. https://pim.co/k8lg79,"Sep 1, 2023 Â· 6:40 PM UTC"
11734,FinancialTimes,Venezuelan bonds rally as investors bet on detente with Washington https://on.ft.com/3LhBoAe,"Sep 11, 2023 Â· 6:31 AM UTC"
11904,FinancialTimes,UK Treasury braced for 8% rise in pensions due to triple lock https://on.ft.com/3LcyVqR,"Sep 7, 2023 Â· 4:35 PM UTC"
11946,FinancialTimes,South Korea launches samurai bond in Japan as bilateral relations improve https://on.ft.com/3Za33ss,"Sep 7, 2023 Â· 5:30 AM UTC"
11947,FinancialTimes,Current corporate bond investing defies the usual playbook https://on.ft.com/3Rj2ydI | opinion,"Sep 7, 2023 Â· 4:54 AM UTC"
12079,FinancialTimes,Country Garden avoids default on dollar bonds https://on.ft.com/3sCNkWS,"Sep 5, 2023 Â· 6:31 AM UTC"
12113,FinancialTimes,"Mozambique president immune from being dragged into â€˜tuna bondsâ€™ case, judge rules https://on.ft.com/3Z60NCU","Sep 4, 2023 Â· 5:04 PM UTC"
12188,FinancialTimes,Hedge funds boost bets against Argentine government bonds https://on.ft.com/45TqPez,"Sep 2, 2023 Â· 1:08 PM UTC"
12232,FinancialTimes,Iâ€™m a bond casualty but I wonâ€™t die https://on.ft.com/3PlPCm8 | opinion,"Sep 1, 2023 Â· 2:26 PM UTC"
12305,ecb,"Lagarde: At the ECB we are working to better consider climate-related financial risk in the Eurosystem balance sheet.  In the implementation of our monetary policy, our tilting activities have helped decarbonise our corporate bond holdings.","Nov 27, 2023 Â· 2:28 PM UTC"
12318,ecb,"Now the Eurosystem has ended net purchases of government bonds, who is most likely to buy new issuances?  Our Financial Stability Review examines the potential implications https://www.ecb.europa.eu/pub/financial-stability/fsr/focus/2023/html/ecb.fsrbox202311_01~7eec35cfd1.en.html","Nov 24, 2023 Â· 9:00 AM UTC"
12366,ecb,"An inverted yield curve typically predicts recession, yet this would be an incomplete assessment of the current outlook as other indicators imply lower recession risks.    Central bank asset holdings are also influencing the curve #EconomicBulletin https://www.ecb.europa.eu/pub/economic-bulletin/focus/2023/html/ecb.ebbox202307_02~78906aa989.en.html","Nov 7, 2023 Â· 9:02 AM UTC"
13577,WorldBank,"For Grace Patrick Kimaro, a mother of four whose business ambitions were limited only by the amount of financing she could access, @NMBTanzaniaâ€™s gender bond has been a game-changer. wrld.bg/onnV50QeWyj #IDAworks","Dec 5, 2023 Â· 11:00 PM UTC"
13590,WorldBank,"From #India to #Indonesia, find out how #GreenBonds are helping countries move toward sustainability: wrld.bg/Wy0x50QeNo1 #LivablePlanet #COP28","Dec 4, 2023 Â· 11:00 PM UTC"
13635,WorldBank,"Early decarbonization of #Azerbaijan's economy can yield net economic benefits, even if global fossil fuel prices stay higher for longer. When implemented in tandem with adequate fiscal policies, energy price measures can be growth enhancing.  wrld.bg/hV1Q50Qcx2U #CCDR","Nov 30, 2023 Â· 8:00 AM UTC"
13662,WorldBank,"Since 2021, @WorldBank has issued three outcome bonds: â¡ï¸#CarbonBond in Viet Nam ğŸ‡»ğŸ‡³ funding for a water purifier project â¡ï¸#RhinoBond for a wildlife conservation project in South Africa ğŸ‡¿ğŸ‡¦ â¡ï¸ @UNICEF to support its response to COVID-19  More >wrld.bg/JBVI50Q9BkV","Nov 26, 2023 Â· 11:00 PM UTC"
13704,WorldBank,"Since 2021, @WorldBank has issued three outcome bonds: â¡ï¸#CarbonBond in Viet Nam ğŸ‡»ğŸ‡³ funding for a water purifier project â¡ï¸#RhinoBond for a wildlife conservation project in South Africa ğŸ‡¿ğŸ‡¦ â¡ï¸ @UNICEF to support its response to COVID-19  More >wrld.bg/O5G450Q9Bjg","Nov 22, 2023 Â· 2:00 AM UTC"
13732,WorldBank,"In Ghana, cocoa farmers are improving their yields and mitigating climate change simultaneously by adopting climate-smart growing practices that help curb deforestation and forest degradation. Watch this video: wrld.bg/PoXq50Q75EL","Nov 18, 2023 Â· 5:00 PM UTC"
13922,WorldBank,"â€œItâ€™s remarkable that over 10 years, green bonds have gone from basically nothing to a $2 trillion asset class globally.â€   Watch this #WBmeetings event replay to hear from Poppy Allonby, @TRowePriceâ€™s Head of ESG Enablement: wrld.bg/rYr350Q0Cch","Oct 26, 2023 Â· 4:00 AM UTC"
13941,WorldBank,"â€œItâ€™s remarkable that over 10 years, green bonds have gone from basically nothing to a $2 trillion asset class globally.â€ Watch this #WBmeetings event replay to hear from Poppy Allonby, @TRowePriceâ€™s Head of ESG Enablement: wrld.bg/BpbC50PZ1zP","Oct 23, 2023 Â· 7:00 PM UTC"
13971,WorldBank,"During our recently concluded #WBmeetings event, Ruth Zaipuna shared her unique perspective on investing in women as the CEO of @NMBTanzania â€“ the first to issue a Gender Bond in sub-Saharan Africa to finance women-led enterprises.   Watch the replay: wrld.bg/LnlI50PYFcf","Oct 20, 2023 Â· 1:00 AM UTC"
14149,WorldBank,"Colombia, Egypt, India, and Indonesia are among 19 emerging-market countries funding renewable energy and mass transit from the proceeds of green bonds. Learn more: wrld.bg/kkAU50PRmrK #ClimateStories_WBG","Oct 2, 2023 Â· 4:00 AM UTC"
14190,WorldBank,"Find out how sovereign #GreenBonds are supporting #Indiaâ€™s commitment to expanding renewable energy, energy efficiency, electrification of #transport systems and #airpollution control:","Sep 27, 2023 Â· 10:00 AM UTC"
14338,WorldBank,"What are sovereign sustainable bonds, and why are they important for Brazil? Read Brazilâ€™s new framework for issuing green, social & sustainability bonds and how it will be used to tackle  environmental and social challenges in  Brazil wrld.bg/Ioky50PIqC1","Sep 9, 2023 Â· 10:00 AM UTC"
14346,WorldBank,"Brazil renews its commitment to addressing the climate crisis and building a more sustainable future. This week, @govbrazil ğŸ‡§ğŸ‡· published its Framework for Sovereign Sustainable Bonds with support from @WorldBank and @the_IDB.","Sep 8, 2023 Â· 4:00 PM UTC"
14351,WorldBank,"Brazil renews its commitment to addressing the climate crisis and building a more sustainable future. This week, @govbrazil ğŸ‡§ğŸ‡· published its Framework for Sovereign Sustainable Bonds with support from @WorldBank and @the_IDB. Learn more wrld.bg/J2Ih50PIqAk","Sep 8, 2023 Â· 1:00 AM UTC"
